Average Fitness    ,Standard Deviation   ,Best Fitness       ,Worst Fitness       ,Execution Time
0.0662790977363231 ,0.013960374280886574 ,0.0299461474730737 ,0.09907622203811099 ,1.33022306811425
