Average Fitness    ,Standard Deviation   ,Best Fitness        ,Worst Fitness      ,Execution Time
0.1193714087179624 ,0.010392174445034163 ,0.10142916321458159 ,0.1444366197183099 ,3.3985623390443864
