Average Fitness     ,Standard Deviation   ,Best Fitness        ,Worst Fitness       ,Execution Time
0.12025763690301199 ,0.014603853097297942 ,0.08807373653686826 ,0.14649544324772165 ,11.1059592077809
