Average Fitness     ,Standard Deviation   ,Best Fitness         ,Worst Fitness      ,Execution Time
0.06289333725312027 ,0.014173901516175733 ,0.029063794531897228 ,0.1133140016570008 ,1.6723889996928554
