Average Fitness     ,Standard Deviation   ,Best Fitness        ,Worst Fitness       ,Execution Time
0.05602306438249999 ,0.008463248352655802 ,0.04271333885666948 ,0.07089478044739024 ,8.32979836771565
