Average Fitness,Standard Deviation,Best Fitness,Worst Fitness,Execution Time
0.12458595691797847,0.013545491471444125,0.10142916321458159,0.1447307373653687,1.2530057549476623
