Average Fitness     ,Standard Deviation   ,Best Fitness        ,Worst Fitness       ,Execution Time
0.12416348183980544 ,0.016627322535225454 ,0.07442419221209612 ,0.14561309030654518 ,1.7613018328143704
