Average Fitness     ,Standard Deviation   ,Best Fitness       ,Worst Fitness       ,Execution Time
0.06760004142502073 ,0.013165055847863387 ,0.0430074565037283 ,0.09966445733222865 ,0.9381839632987976
