Average Fitness     ,Standard Deviation   ,Best Fitness       ,Worst Fitness       ,Execution Time
0.05946575086190773 ,0.011349718715297085 ,0.0430074565037283 ,0.08542667771333885 ,2.53989149678138
